order_id,order_date,product_id,product_name,quantity_sold,unit_price,total_sales
1,2023-03-04,103,Jeans,1,37.39,37.39
2,2023-07-30,105,Sneakers,8,25.48,203.84
3,2023-07-16,104,Jeans,15,63.8,957.0
4,2023-01-08,103,T-shirt,18,48.12,866.16
5,2023-12-17,103,Jacket,3,35.82,107.46000000000001
6,2023-01-17,101,Dress,6,143.1,858.5999999999999
7,2023-09-09,102,Jeans,5,143.55,717.75
8,2023-06-07,101,Sneakers,1,85.72,85.72
9,2023-01-08,105,T-shirt,17,112.71,1916.07
10,2023-10-23,105,T-shirt,2,129.91,259.82
11,2023-04-27,103,T-shirt,16,66.47,1063.52
12,2023-05-17,102,Dress,5,51.95,259.75
13,2023-03-12,102,T-shirt,18,34.19,615.42
14,2023-08-25,103,Jacket,11,20.31,223.41
15,2023-04-18,105,Dress,17,26.71,454.07
16,2023-06-26,102,Jacket,3,116.98,350.94
17,2023-12-25,101,T-shirt,17,47.48,807.16
18,2023-12-18,101,Sneakers,7,34.08,238.56
19,2023-04-12,101,Dress,15,76.58,1148.7
20,2023-04-03,101,Jeans,18,131.1,2359.7999999999997
21,2023-05-20,101,Dress,15,43.2,648.0
22,2023-07-15,104,Jeans,3,87.45,262.35
23,2023-09-26,105,T-shirt,2,33.78,67.56
24,2023-12-05,103,Jeans,11,90.95,1000.45
25,2023-03-15,103,T-shirt,19,91.73,1742.8700000000001
26,2023-05-13,104,Dress,17,37.49,637.33
27,2023-07-08,102,Jeans,6,88.51,531.0600000000001
28,2023-02-21,105,Sneakers,1,145.63,145.63
29,2023-10-10,103,Jeans,1,22.93,22.93
30,2023-10-21,101,Dress,20,116.9,2338.0
31,2023-09-22,105,Dress,6,44.57,267.42
32,2023-02-10,101,Jeans,7,19.77,138.39
33,2023-07-15,101,Sneakers,7,67.3,471.09999999999997
34,2023-09-03,101,Dress,7,120.02,840.14
35,2023-11-11,105,Jacket,15,122.4,1836.0
36,2023-11-19,101,Dress,19,34.85,662.15
37,2023-01-14,101,Dress,17,149.94,2548.98
38,2023-01-02,102,Jacket,10,38.77,387.70000000000005
39,2023-10-19,104,Dress,3,25.2,75.6
40,2023-12-09,105,Sneakers,10,115.77,1157.7
41,2023-12-10,104,Jeans,2,36.6,73.2
42,2023-11-07,103,Jacket,17,126.29,2146.9300000000003
43,2023-04-07,103,Jeans,2,141.23,282.46
44,2023-03-14,101,T-shirt,20,24.35,487.0
45,2023-02-22,101,Jacket,12,72.0,864.0
46,2023-01-27,104,Dress,6,65.35,392.09999999999997
47,2023-10-01,105,Jeans,19,28.14,534.66
48,2023-01-31,101,Sneakers,12,119.96,1439.52
49,2023-04-12,103,Jacket,7,116.07,812.49
50,2023-06-09,103,Sneakers,15,76.39,1145.85
51,2023-09-29,102,T-shirt,13,88.24,1147.12
52,2023-09-17,104,Jeans,7,69.38,485.65999999999997
53,2023-03-09,103,Jacket,14,19.85,277.90000000000003
54,2023-03-01,103,Jacket,19,107.19,2036.61
55,2023-12-31,101,Dress,17,137.62,2339.54
56,2023-08-02,103,T-shirt,3,97.1,291.29999999999995
57,2023-08-22,101,Dress,4,70.31,281.24
58,2023-11-24,105,Jacket,1,111.84,111.84
59,2023-02-25,104,Sneakers,4,146.39,585.56
60,2023-10-13,105,Sneakers,20,135.69,2713.8
61,2023-12-15,101,Dress,17,26.34,447.78
62,2023-06-06,102,Jacket,14,129.41,1811.74
63,2023-10-26,104,Sneakers,7,127.28,890.96
64,2023-05-01,105,Jacket,9,140.06,1260.54
65,2023-12-08,105,Jacket,10,79.4,794.0
66,2023-09-02,103,Dress,15,66.08,991.1999999999999
67,2023-07-11,104,T-shirt,12,127.11,1525.32
68,2023-02-04,101,Jeans,14,52.75,738.5
69,2023-08-04,101,Jeans,1,17.12,17.12
70,2023-10-16,101,Dress,9,89.62,806.58
71,2023-05-11,104,T-shirt,11,72.48,797.2800000000001
72,2023-05-14,103,Dress,15,77.88,1168.1999999999998
73,2023-05-05,101,T-shirt,10,47.18,471.8
74,2023-08-17,105,Jacket,17,29.49,501.33
75,2023-04-02,102,Jacket,4,147.06,588.24
76,2023-12-18,101,Sneakers,5,140.54,702.6999999999999
77,2023-12-08,105,Sneakers,2,149.36,298.72
78,2023-07-20,102,Sneakers,5,56.15,280.75
79,2023-04-29,103,T-shirt,2,32.13,64.26
80,2023-12-23,102,Jeans,3,77.82,233.45999999999998
81,2023-01-31,103,Dress,9,126.15,1135.3500000000001
82,2023-03-09,105,Sneakers,2,24.91,49.82
83,2023-09-08,105,Dress,12,134.84,1618.08
84,2023-06-29,105,Jacket,11,31.36,344.96
85,2023-12-06,103,T-shirt,2,71.81,143.62
86,2023-06-08,102,Jeans,7,64.2,449.40000000000003
87,2023-04-04,101,T-shirt,19,114.71,2179.49
88,2023-12-30,102,Jeans,4,82.7,330.8
89,2023-07-30,104,Sneakers,8,40.2,321.6
90,2023-03-08,101,T-shirt,12,25.73,308.76
91,2023-01-18,101,T-shirt,13,66.69,866.97
92,2023-11-03,101,Dress,11,92.62,1018.82
93,2023-08-28,103,T-shirt,20,127.39,2547.8
94,2023-02-28,101,Jacket,15,90.47,1357.05
95,2023-03-19,102,T-shirt,7,116.74,817.18
96,2023-09-14,104,Dress,6,36.51,219.06
97,2023-03-05,104,Jeans,15,25.01,375.15000000000003
98,2023-09-12,101,Jeans,7,52.66,368.62
99,2023-10-20,101,Sneakers,2,105.47,210.94
100,2023-01-24,102,Jacket,12,144.14,1729.6799999999998
101,2023-01-12,101,Jeans,6,55.61,333.65999999999997
102,2023-02-26,105,Jeans,12,90.6,1087.1999999999998
103,2023-04-09,102,Jeans,6,81.56,489.36
104,2023-01-09,103,Dress,1,107.15,107.15
105,2023-12-30,104,Jacket,18,61.41,1105.3799999999999
106,2023-11-26,103,Jacket,3,25.54,76.62
107,2023-03-11,103,Jeans,18,21.14,380.52
108,2023-03-19,104,Sneakers,7,42.76,299.32
109,2023-11-12,103,Jacket,10,35.26,352.59999999999997
110,2023-09-20,103,Jeans,7,49.88,349.16
111,2023-12-03,102,T-shirt,6,120.75,724.5
112,2023-10-23,102,Dress,2,99.43,198.86
113,2023-11-05,103,Sneakers,19,145.39,2762.41
114,2023-09-28,101,Jeans,19,50.14,952.66
115,2023-08-11,105,Jacket,20,127.08,2541.6
116,2023-03-10,101,T-shirt,19,140.39,2667.41
117,2023-01-06,104,T-shirt,8,68.35,546.8
118,2023-08-16,102,Sneakers,5,123.32,616.5999999999999
119,2023-12-27,105,Jeans,18,17.45,314.09999999999997
120,2023-08-21,105,Dress,3,35.27,105.81
121,2023-08-14,105,Jeans,18,125.22,2253.96
122,2023-03-20,105,Sneakers,8,31.18,249.44
123,2023-08-04,102,Jacket,6,116.21,697.26
124,2023-09-26,101,Jeans,16,122.87,1965.92
125,2023-09-12,101,Sneakers,2,149.31,298.62
126,2023-10-08,101,T-shirt,2,16.15,32.3
127,2023-03-22,102,Jacket,9,68.45,616.0500000000001
128,2023-05-18,105,T-shirt,4,135.66,542.64
129,2023-11-02,102,Jeans,13,22.68,294.84
130,2023-10-10,103,Dress,15,100.99,1514.85
131,2023-06-21,103,Jeans,7,145.11,1015.7700000000001
132,2023-05-01,101,Jeans,20,113.0,2260.0
133,2023-05-24,103,T-shirt,11,58.5,643.5
134,2023-07-28,103,Jacket,5,118.99,594.9499999999999
135,2023-06-16,102,Jeans,6,134.61,807.6600000000001
136,2023-06-18,103,Dress,4,127.42,509.68
137,2023-10-16,104,Jeans,13,82.34,1070.42
138,2023-11-08,101,Dress,11,111.01,1221.1100000000001
139,2023-09-05,102,Jeans,9,79.77,717.93
140,2023-01-01,104,T-shirt,10,133.25,1332.5
141,2023-04-19,104,Jacket,19,60.89,1156.91
142,2023-11-17,104,Dress,2,83.05,166.1
143,2023-05-10,104,Sneakers,16,42.67,682.72
144,2023-07-06,102,Sneakers,4,73.09,292.36
145,2023-11-03,104,Sneakers,1,132.6,132.6
146,2023-11-23,105,Jeans,14,94.44,1322.1599999999999
147,2023-05-18,101,Jacket,20,52.57,1051.4
148,2023-03-16,104,Dress,4,44.34,177.36
149,2023-12-05,101,Dress,10,71.58,715.8
150,2023-06-21,104,Jeans,10,83.74,837.4
151,2023-08-01,104,Sneakers,20,108.25,2165.0
152,2023-02-20,105,Jacket,4,75.91,303.64
153,2023-08-05,101,Dress,14,87.23,1221.22
154,2023-10-18,103,Jeans,4,38.79,155.16
155,2023-10-11,104,Jeans,9,141.07,1269.6299999999999
156,2023-08-04,105,Sneakers,17,93.84,1595.28
157,2023-11-25,104,Dress,13,141.63,1841.19
158,2023-11-07,105,Sneakers,10,130.43,1304.3000000000002
159,2023-05-24,101,Jeans,17,92.55,1573.35
160,2023-01-04,103,Jeans,18,65.35,1176.3
161,2023-06-17,102,Sneakers,9,95.52,859.68
162,2023-08-25,102,Jeans,12,49.93,599.16
163,2023-10-22,103,Dress,18,136.99,2465.82
164,2023-03-24,104,Jeans,8,130.55,1044.4
165,2023-11-24,102,Jeans,2,137.76,275.52
166,2023-11-22,103,T-shirt,10,81.94,819.4
167,2023-11-21,105,Dress,14,137.32,1922.48
168,2023-11-18,105,Dress,6,131.62,789.72
169,2023-08-07,104,T-shirt,4,18.23,72.92
170,2023-02-28,101,Sneakers,14,121.01,1694.14
171,2023-06-10,103,Jacket,16,22.93,366.88
172,2023-11-16,104,T-shirt,19,29.6,562.4
173,2023-12-02,105,Dress,10,132.27,1322.7
174,2023-07-18,103,T-shirt,6,45.76,274.56
175,2023-11-15,103,T-shirt,15,122.27,1834.05
176,2023-05-21,102,T-shirt,2,101.06,202.12
177,2023-06-21,101,Jeans,2,136.51,273.02
178,2023-06-08,105,Dress,3,120.2,360.6
179,2023-07-19,102,Dress,2,30.38,60.76
180,2023-05-21,102,Jacket,5,136.48,682.4
181,2023-10-30,105,T-shirt,7,73.28,512.96
182,2023-10-30,101,Sneakers,10,41.65,416.5
183,2023-05-09,105,Jeans,15,23.77,356.55
184,2023-03-14,102,Jacket,8,24.28,194.24
185,2023-02-22,101,Dress,9,108.52,976.68
186,2023-03-05,102,Sneakers,17,44.51,756.67
187,2023-06-09,105,Dress,8,135.47,1083.76
188,2023-02-19,102,Sneakers,5,64.99,324.95
189,2023-10-17,102,Sneakers,12,62.15,745.8
190,2023-06-10,102,Jeans,11,141.55,1557.0500000000002
191,2023-02-05,105,Sneakers,4,121.89,487.56
192,2023-01-10,105,Dress,16,46.79,748.64
193,2023-01-09,103,T-shirt,8,149.0,1192.0
194,2023-07-21,105,Sneakers,16,80.27,1284.32
195,2023-10-17,104,Sneakers,2,140.28,280.56
196,2023-01-11,102,Sneakers,4,30.84,123.36
197,2023-11-10,101,Jacket,13,69.44,902.72
198,2023-09-23,103,Jacket,1,90.3,90.3
199,2023-02-27,102,Dress,4,44.73,178.92
200,2023-05-01,103,Sneakers,3,50.66,151.98
201,2023-07-01,105,Sneakers,19,21.24,403.55999999999995
202,2023-11-05,102,Jacket,14,63.07,882.98
203,2023-03-09,101,Sneakers,9,98.83,889.47
204,2023-09-10,103,Jeans,15,26.98,404.7
205,2023-02-25,101,Jacket,13,127.2,1653.6000000000001
206,2023-12-22,101,Dress,2,34.1,68.2
207,2023-07-19,101,Sneakers,11,18.16,199.76
208,2023-07-17,102,Jacket,8,41.8,334.4
209,2023-12-09,105,Jacket,1,61.79,61.79
210,2023-05-19,105,Sneakers,14,19.3,270.2
211,2023-04-08,103,T-shirt,11,123.48,1358.28
212,2023-11-30,103,Sneakers,12,110.45,1325.4
213,2023-07-07,102,Sneakers,9,126.83,1141.47
214,2023-04-30,103,Sneakers,7,73.21,512.4699999999999
215,2023-07-25,102,Dress,11,87.17,958.87
216,2023-06-26,105,Jacket,18,120.09,2161.62
217,2023-11-23,105,Jacket,9,72.68,654.1200000000001
218,2023-09-16,101,Sneakers,3,143.88,431.64
219,2023-09-12,105,Sneakers,7,147.34,1031.38
220,2023-03-08,105,Dress,8,32.66,261.28
221,2023-09-25,104,Sneakers,17,62.14,1056.38
222,2023-09-07,103,Dress,20,144.21,2884.2000000000003
223,2023-03-17,104,Sneakers,5,122.27,611.35
224,2023-07-22,103,Jacket,14,17.63,246.82
225,2023-08-14,101,Sneakers,9,96.89,872.01
226,2023-08-08,103,Jeans,7,135.83,950.8100000000001
227,2023-03-23,103,Sneakers,6,97.97,587.8199999999999
228,2023-06-09,105,Sneakers,19,134.33,2552.2700000000004
229,2023-11-01,105,Jeans,3,30.14,90.42
230,2023-12-16,102,Jeans,6,38.36,230.16
231,2023-08-05,102,T-shirt,1,138.99,138.99
232,2023-09-21,105,Sneakers,10,47.79,477.9
233,2023-09-14,101,Jeans,2,136.63,273.26
234,2023-10-11,101,Sneakers,8,89.23,713.84
235,2023-09-22,105,Dress,10,48.92,489.20000000000005
236,2023-07-12,104,T-shirt,20,113.45,2269.0
237,2023-05-22,103,Sneakers,5,27.28,136.4
238,2023-01-29,103,Jeans,19,19.61,372.59
239,2023-11-27,101,T-shirt,18,32.86,591.48
240,2023-09-17,102,Dress,18,60.23,1084.1399999999999
241,2023-01-06,103,T-shirt,18,38.58,694.4399999999999
242,2023-10-29,105,Dress,2,20.16,40.32
243,2023-12-31,101,Dress,19,30.36,576.84
244,2023-07-11,103,T-shirt,10,80.36,803.6
245,2023-05-10,104,Sneakers,10,59.31,593.1
246,2023-02-28,105,Sneakers,17,42.9,729.3
247,2023-01-04,104,Jacket,11,54.14,595.54
248,2023-04-03,102,Dress,8,125.03,1000.24
249,2023-02-23,102,Sneakers,5,34.31,171.55
250,2023-07-12,102,Dress,15,55.41,831.15
251,2023-06-14,103,T-shirt,16,147.38,2358.08
252,2023-08-31,103,Sneakers,10,93.07,930.6999999999999
253,2023-12-05,103,Jacket,20,133.33,2666.6000000000004
254,2023-07-09,102,T-shirt,6,85.81,514.86
255,2023-01-17,103,Dress,15,135.79,2036.85
256,2023-10-31,101,Jacket,6,17.19,103.14000000000001
257,2023-11-06,102,T-shirt,7,81.65,571.5500000000001
258,2023-11-04,105,Sneakers,16,117.14,1874.24
259,2023-02-05,105,Jeans,9,135.92,1223.28
260,2023-03-28,101,Dress,10,58.24,582.4
261,2023-05-03,103,Jeans,19,72.31,1373.89
262,2023-01-13,101,T-shirt,12,87.92,1055.04
263,2023-03-19,104,Sneakers,10,114.7,1147.0
264,2023-08-28,102,Dress,12,102.86,1234.32
265,2023-02-17,101,Sneakers,17,26.23,445.91
266,2023-09-04,104,T-shirt,3,93.47,280.40999999999997
267,2023-08-09,101,T-shirt,19,98.67,1874.73
268,2023-12-16,105,Sneakers,17,140.28,2384.76
269,2023-04-25,105,Dress,3,105.2,315.6
270,2023-05-07,104,T-shirt,8,23.03,184.24
271,2023-09-28,105,T-shirt,14,59.65,835.1
272,2023-05-04,102,Jacket,19,68.11,1294.09
273,2023-08-17,101,Sneakers,11,62.36,685.96
274,2023-05-12,101,Sneakers,6,86.25,517.5
275,2023-05-21,103,Jeans,3,52.45,157.35000000000002
276,2023-12-22,104,Dress,12,61.96,743.52
277,2023-10-01,104,Jeans,15,143.96,2159.4
278,2023-05-22,102,T-shirt,8,105.54,844.32
279,2023-04-13,101,Jeans,5,65.04,325.20000000000005
280,2023-11-19,101,Dress,15,75.13,1126.9499999999998
281,2023-03-08,104,Sneakers,12,112.3,1347.6
282,2023-03-25,104,Jeans,4,138.2,552.8
283,2023-01-25,105,Jacket,14,19.76,276.64000000000004
284,2023-04-04,103,T-shirt,12,40.58,486.96
285,2023-06-27,105,Dress,11,31.4,345.4
286,2023-02-16,101,Dress,5,36.67,183.35000000000002
287,2023-10-22,101,Dress,7,142.3,996.1000000000001
288,2023-06-13,102,Jacket,8,70.31,562.48
289,2023-09-09,102,Dress,12,51.71,620.52
290,2023-12-26,101,Jacket,11,113.25,1245.75
291,2023-01-13,105,Sneakers,14,101.0,1414.0
292,2023-07-19,101,Jacket,1,19.09,19.09
293,2023-11-23,104,Sneakers,6,93.8,562.8
294,2023-07-19,103,Dress,2,75.74,151.48
295,2023-08-06,101,Jeans,4,56.21,224.84
296,2023-09-07,102,Jeans,19,148.63,2823.97
297,2023-11-05,105,Jeans,14,105.02,1470.28
298,2023-10-29,103,Jacket,4,32.7,130.8
299,2023-02-13,101,Dress,17,43.2,734.4000000000001
300,2023-02-18,102,T-shirt,1,83.45,83.45
301,2023-08-14,104,Sneakers,14,49.56,693.84
302,2023-11-28,101,Dress,17,105.6,1795.1999999999998
303,2023-03-28,101,Sneakers,3,50.99,152.97
304,2023-04-24,104,Dress,7,114.75,803.25
305,2023-11-21,103,Dress,9,30.53,274.77
306,2023-11-16,103,Jacket,4,85.1,340.4
307,2023-09-11,101,Jacket,8,116.0,928.0
308,2023-10-22,102,Jeans,4,140.97,563.88
309,2023-12-28,102,Dress,20,85.21,1704.1999999999998
310,2023-04-04,105,Dress,18,125.31,2255.58
311,2023-05-27,101,Jeans,20,103.46,2069.2
312,2023-10-30,103,Dress,8,103.33,826.64
313,2023-04-29,102,Jeans,5,43.36,216.8
314,2023-06-19,103,Jeans,15,36.08,541.1999999999999
315,2023-12-20,104,Jacket,8,107.47,859.76
316,2023-03-06,101,Sneakers,17,134.38,2284.46
317,2023-09-23,103,Sneakers,17,74.07,1259.1899999999998
318,2023-04-27,103,T-shirt,17,51.7,878.9000000000001
319,2023-07-29,104,Jacket,16,82.83,1325.28
320,2023-07-31,105,Jacket,12,101.61,1219.32
321,2023-02-03,104,Sneakers,5,88.09,440.45000000000005
322,2023-12-02,103,Sneakers,19,56.13,1066.47
323,2023-03-15,101,Dress,1,35.43,35.43
324,2023-05-20,103,Jacket,2,93.13,186.26
325,2023-01-25,101,Dress,7,87.74,614.18
326,2023-12-02,104,Jeans,16,107.66,1722.56
327,2023-06-27,105,Jacket,15,97.58,1463.7
328,2023-04-11,101,T-shirt,20,138.22,2764.4
329,2023-07-09,104,Dress,2,109.25,218.5
330,2023-01-20,105,Sneakers,14,137.92,1930.8799999999999
331,2023-03-12,104,Jeans,9,28.63,257.67
332,2023-12-12,101,Jeans,15,114.14,1712.1
333,2023-09-21,103,Dress,6,61.93,371.58
334,2023-04-19,102,T-shirt,20,61.92,1238.4
335,2023-10-08,104,T-shirt,5,59.48,297.4
336,2023-12-03,104,Dress,16,33.73,539.68
337,2023-07-30,101,Jacket,1,32.07,32.07
338,2023-10-18,101,T-shirt,5,80.64,403.2
339,2023-06-16,104,T-shirt,11,45.01,495.10999999999996
340,2023-04-07,102,Jacket,1,33.81,33.81
341,2023-11-29,103,T-shirt,9,27.18,244.62
342,2023-06-02,104,Jeans,2,104.01,208.02
343,2023-08-11,102,T-shirt,1,90.86,90.86
344,2023-07-09,104,Sneakers,20,72.88,1457.6
345,2023-07-23,102,Dress,2,148.87,297.74
346,2023-07-11,101,T-shirt,19,73.76,1401.44
347,2023-02-03,104,Jacket,5,140.08,700.4000000000001
348,2023-01-30,104,Sneakers,17,58.79,999.43
349,2023-04-13,102,Jeans,3,114.88,344.64
350,2023-12-03,103,Jacket,8,79.81,638.48
351,2023-09-25,102,Dress,8,47.36,378.88
352,2023-01-22,101,Dress,14,56.06,784.84
353,2023-10-29,101,Jacket,14,119.81,1677.3400000000001
354,2023-01-12,101,Sneakers,3,31.8,95.4
355,2023-03-07,101,Jeans,2,74.66,149.32
356,2023-08-24,102,T-shirt,3,118.51,355.53000000000003
357,2023-12-13,105,Dress,4,53.54,214.16
358,2023-02-27,102,Jacket,3,18.74,56.22
359,2023-03-14,101,Jeans,10,93.7,937.0
360,2023-06-16,104,Dress,8,90.94,727.52
361,2023-09-28,103,Dress,18,85.86,1545.48
362,2023-01-27,103,Jacket,8,75.14,601.12
363,2023-03-05,102,Sneakers,18,52.76,949.68
364,2023-12-19,101,Jeans,10,27.36,273.6
365,2023-05-24,105,Dress,10,95.73,957.3000000000001
366,2023-09-03,102,Jeans,10,63.61,636.1
367,2023-02-21,104,Jacket,1,27.88,27.88
368,2023-04-07,102,Sneakers,20,117.17,2343.4
369,2023-04-11,105,Dress,13,95.98,1247.74
370,2023-04-02,102,T-shirt,9,59.78,538.02
371,2023-04-20,105,Dress,2,53.07,106.14
372,2023-11-08,102,T-shirt,1,52.78,52.78
373,2023-07-27,104,Jeans,3,84.56,253.68
374,2023-02-20,101,Dress,6,26.96,161.76
375,2023-04-22,103,T-shirt,15,94.75,1421.25
376,2023-08-23,103,Sneakers,10,36.72,367.2
377,2023-12-12,102,Jacket,11,49.88,548.6800000000001
378,2023-07-05,105,T-shirt,13,46.52,604.76
379,2023-09-11,102,Jeans,10,33.35,333.5
380,2023-10-12,104,Jeans,9,119.94,1079.46
381,2023-02-11,105,Jeans,5,114.46,572.3
382,2023-06-11,103,Jacket,16,74.59,1193.44
383,2023-08-01,102,T-shirt,15,49.57,743.55
384,2023-01-30,102,T-shirt,5,80.06,400.3
385,2023-03-02,103,Jeans,13,73.81,959.53
386,2023-03-08,103,Jacket,19,96.1,1825.8999999999999
387,2023-12-03,102,Jeans,15,111.62,1674.3000000000002
388,2023-10-31,105,T-shirt,5,15.38,76.9
389,2023-09-28,105,Dress,8,71.33,570.64
390,2023-11-16,104,T-shirt,3,67.65,202.95000000000002
391,2023-11-07,105,Jeans,6,65.8,394.79999999999995
392,2023-01-05,104,Jacket,15,54.56,818.4000000000001
393,2023-04-10,105,Jeans,8,128.39,1027.12
394,2023-11-26,102,Jacket,19,84.31,1601.89
395,2023-03-11,101,Jeans,2,112.06,224.12
396,2023-03-21,104,Jeans,9,23.03,207.27
397,2023-11-27,105,Dress,12,61.07,732.84
398,2023-10-02,105,T-shirt,11,28.01,308.11
399,2023-11-26,102,Dress,5,87.43,437.15000000000003
400,2023-06-03,104,Jacket,9,117.9,1061.1000000000001
401,2023-09-19,105,Dress,20,135.06,2701.2
402,2023-06-09,103,Dress,13,109.69,1425.97
403,2023-07-18,101,Dress,16,15.5,248.0
404,2023-06-23,104,Jacket,7,123.36,863.52
405,2023-10-08,101,T-shirt,13,123.76,1608.88
406,2023-06-15,105,T-shirt,17,77.35,1314.9499999999998
407,2023-08-29,103,Jacket,11,20.31,223.41
408,2023-11-29,101,Jeans,18,112.0,2016.0
409,2023-09-01,104,T-shirt,1,35.04,35.04
410,2023-11-18,104,Jeans,13,66.68,866.8400000000001
411,2023-02-14,105,T-shirt,10,20.64,206.4
412,2023-04-26,103,T-shirt,1,102.67,102.67
413,2023-12-26,101,Jeans,4,79.54,318.16
414,2023-07-11,101,Dress,8,83.05,664.4
415,2023-04-06,105,Jeans,7,85.92,601.44
416,2023-05-28,102,Jeans,12,31.2,374.4
417,2023-02-14,103,Sneakers,12,121.5,1458.0
418,2023-04-05,104,Jeans,6,99.75,598.5
419,2023-09-12,102,Sneakers,14,74.4,1041.6000000000001
420,2023-08-28,105,Jeans,3,39.81,119.43
421,2023-03-27,103,Jeans,4,108.21,432.84
422,2023-05-06,104,Dress,19,106.32,2020.08
423,2023-10-05,105,Jacket,3,102.19,306.57
424,2023-03-24,101,Sneakers,19,78.46,1490.7399999999998
425,2023-04-13,104,Jacket,15,124.75,1871.25
426,2023-06-27,104,Jeans,15,124.52,1867.8
427,2023-06-02,105,Jeans,20,140.7,2814.0
428,2023-06-22,102,T-shirt,19,120.09,2281.71
429,2023-09-16,102,T-shirt,4,75.67,302.68
430,2023-04-13,103,Sneakers,16,76.45,1223.2
431,2023-01-12,105,Dress,16,90.34,1445.44
432,2023-06-17,102,Jeans,18,79.07,1423.2599999999998
433,2023-01-18,103,Jacket,14,143.25,2005.5
434,2023-04-26,101,Jacket,20,111.68,2233.6000000000004
435,2023-01-05,103,T-shirt,4,17.88,71.52
436,2023-11-23,103,Sneakers,19,19.64,373.16
437,2023-08-01,103,T-shirt,17,119.09,2024.53
438,2023-05-12,102,Jacket,11,25.75,283.25
439,2023-11-28,101,Jeans,14,90.48,1266.72
440,2023-09-13,104,Jacket,19,17.15,325.84999999999997
441,2023-10-20,101,Sneakers,8,93.97,751.76
442,2023-01-04,105,Sneakers,6,106.99,641.9399999999999
443,2023-05-24,102,T-shirt,1,116.56,116.56
444,2023-11-18,101,Sneakers,14,122.35,1712.8999999999999
445,2023-11-01,102,Jacket,6,47.05,282.29999999999995
446,2023-12-21,104,Sneakers,16,130.28,2084.48
447,2023-10-26,101,Jacket,7,93.18,652.26
448,2023-10-26,105,Jeans,13,22.8,296.40000000000003
449,2023-02-07,105,Jeans,4,108.81,435.24
450,2023-06-28,103,T-shirt,8,134.8,1078.4
451,2023-08-05,104,Sneakers,15,62.08,931.1999999999999
452,2023-11-20,103,T-shirt,20,98.35,1967.0
453,2023-06-29,105,Sneakers,8,83.9,671.2
454,2023-03-08,104,Dress,14,20.57,287.98
455,2023-09-29,105,Sneakers,9,111.99,1007.91
456,2023-07-18,102,Dress,1,135.95,135.95
457,2023-05-30,102,Jeans,7,112.01,784.07
458,2023-07-18,102,Jacket,10,45.14,451.4
459,2023-08-13,103,Jeans,15,114.37,1715.5500000000002
460,2023-11-23,101,Sneakers,17,86.35,1467.9499999999998
461,2023-02-28,105,Dress,4,81.38,325.52
462,2023-12-14,102,Sneakers,10,54.41,544.0999999999999
463,2023-02-10,105,Dress,4,134.96,539.84
464,2023-02-21,105,T-shirt,7,62.31,436.17
465,2023-07-12,104,Jeans,19,64.86,1232.34
466,2023-05-01,101,Jeans,4,121.72,486.88
467,2023-08-29,105,Sneakers,7,144.8,1013.6000000000001
468,2023-06-05,102,Sneakers,13,59.61,774.93
469,2023-09-05,101,Sneakers,3,142.42,427.26
470,2023-12-10,105,Jeans,4,135.96,543.84
471,2023-10-08,105,T-shirt,4,146.15,584.6
472,2023-01-01,105,Jacket,10,80.21,802.0999999999999
473,2023-12-08,105,Jacket,2,67.16,134.32
474,2023-05-30,104,Dress,6,114.49,686.9399999999999
475,2023-02-15,104,Dress,11,142.45,1566.9499999999998
476,2023-01-01,103,Jacket,20,38.0,760.0
477,2023-04-21,102,Jacket,8,143.47,1147.76
478,2023-07-29,105,Dress,20,127.54,2550.8
479,2023-01-03,101,T-shirt,8,63.65,509.2
480,2023-01-04,102,Dress,9,114.55,1030.95
481,2023-09-07,105,Jacket,12,144.11,1729.3200000000002
482,2023-10-16,103,Sneakers,7,35.25,246.75
483,2023-05-26,102,T-shirt,20,142.74,2854.8
484,2023-08-26,105,T-shirt,7,108.9,762.3000000000001
485,2023-07-10,103,T-shirt,5,140.59,702.95
486,2023-03-10,101,Jeans,2,111.41,222.82
487,2023-04-05,103,Jacket,13,31.42,408.46000000000004
488,2023-08-02,104,Dress,2,68.84,137.68
489,2023-01-04,102,Dress,11,105.08,1155.8799999999999
490,2023-10-25,102,T-shirt,18,78.59,1414.6200000000001
491,2023-05-12,102,Sneakers,6,62.78,376.68
492,2023-12-28,105,Jacket,7,54.37,380.59
493,2023-03-30,105,Jacket,20,89.52,1790.3999999999999
494,2023-03-14,103,Dress,11,109.28,1202.08
495,2023-07-07,103,T-shirt,3,149.55,448.65000000000003
496,2023-04-25,104,T-shirt,12,24.54,294.48
497,2023-04-06,104,Dress,16,25.0,400.0
498,2023-04-16,101,Jeans,7,28.45,199.15
499,2023-02-26,102,Jacket,1,44.88,44.88
500,2023-08-13,103,Jacket,18,140.61,2530.9800000000005
501,2023-06-28,101,Dress,1,23.23,23.23
502,2023-04-12,102,Dress,12,146.41,1756.92
503,2023-11-29,102,T-shirt,14,105.32,1474.48
504,2023-03-14,104,T-shirt,16,29.49,471.84
505,2023-09-11,104,Jacket,1,135.34,135.34
506,2023-12-06,104,Dress,10,92.54,925.4000000000001
507,2023-04-23,105,Jacket,11,89.75,987.25
508,2023-11-01,103,Dress,5,64.77,323.84999999999997
509,2023-04-26,104,Jeans,10,144.86,1448.6000000000001
510,2023-01-22,105,Sneakers,14,91.32,1278.48
511,2023-08-23,102,Jeans,11,69.07,759.77
512,2023-05-18,105,Dress,15,41.46,621.9
513,2023-02-22,102,Jacket,10,40.71,407.1
514,2023-06-30,101,Jeans,13,19.99,259.87
515,2023-08-02,105,Dress,5,67.87,339.35
516,2023-05-11,102,Jacket,9,33.37,300.33
517,2023-05-21,101,Sneakers,5,29.14,145.7
518,2023-08-21,102,Jacket,4,70.59,282.36
519,2023-04-17,101,Dress,2,31.09,62.18
520,2023-09-22,102,Sneakers,14,34.37,481.17999999999995
521,2023-04-04,102,Sneakers,9,100.36,903.24
522,2023-10-19,102,Jacket,18,38.16,686.8799999999999
523,2023-03-07,105,Dress,8,51.63,413.04
524,2023-10-25,103,Jeans,6,73.93,443.58000000000004
525,2023-05-09,105,T-shirt,5,132.28,661.4
526,2023-08-18,102,T-shirt,1,16.16,16.16
527,2023-07-08,101,Jeans,19,61.4,1166.6
528,2023-02-08,101,Sneakers,10,24.66,246.6
529,2023-07-01,102,T-shirt,16,84.59,1353.44
530,2023-01-08,101,Dress,17,92.44,1571.48
531,2023-06-13,104,Jacket,14,73.15,1024.1000000000001
532,2023-03-30,102,Dress,15,56.34,845.1
533,2023-09-19,105,Jeans,10,77.77,777.6999999999999
534,2023-05-22,104,Jeans,10,99.03,990.3
535,2023-11-13,103,Jeans,15,134.91,2023.6499999999999
536,2023-11-29,103,Sneakers,14,31.42,439.88
537,2023-12-02,105,T-shirt,7,61.5,430.5
538,2023-08-04,102,Jeans,7,115.72,810.04
539,2023-02-19,103,Jacket,10,90.17,901.7
540,2023-08-18,104,Dress,20,118.42,2368.4
541,2023-01-04,103,Sneakers,20,69.44,1388.8
542,2023-09-03,105,Jacket,16,20.24,323.84
543,2023-05-13,105,Sneakers,4,126.99,507.96
544,2023-11-08,102,Dress,8,129.88,1039.04
545,2023-06-21,103,Dress,15,131.2,1967.9999999999998
546,2023-03-27,102,Sneakers,1,81.59,81.59
547,2023-06-17,102,Jeans,3,119.31,357.93
548,2023-08-21,103,Dress,1,61.18,61.18
549,2023-06-03,104,Jeans,4,72.46,289.84
550,2023-01-31,104,Jacket,14,92.94,1301.1599999999999
551,2023-03-07,104,Jacket,18,87.27,1570.86
552,2023-08-15,102,Sneakers,14,57.57,805.98
553,2023-07-09,102,Dress,16,64.01,1024.16
554,2023-04-28,105,Jeans,9,111.92,1007.28
555,2023-04-14,104,T-shirt,20,135.66,2713.2
556,2023-05-01,105,Dress,20,29.34,586.8
557,2023-08-28,102,Sneakers,14,76.18,1066.52
558,2023-11-16,101,Sneakers,19,102.73,1951.8700000000001
559,2023-09-08,105,Jeans,5,56.32,281.6
560,2023-05-15,105,T-shirt,13,142.16,1848.08
561,2023-10-03,102,Jeans,4,130.66,522.64
562,2023-07-13,102,T-shirt,10,69.48,694.8000000000001
563,2023-05-28,102,Dress,18,47.26,850.68
564,2023-04-12,105,Sneakers,11,99.14,1090.54
565,2023-11-08,104,Jeans,9,109.88,988.92
566,2023-04-29,103,T-shirt,7,64.4,450.80000000000007
567,2023-01-24,104,T-shirt,18,135.61,2440.9800000000005
568,2023-04-24,103,Jacket,14,90.49,1266.86
569,2023-04-11,105,Jeans,7,89.54,626.7800000000001
570,2023-03-31,101,T-shirt,18,145.86,2625.4800000000005
571,2023-05-07,104,T-shirt,6,125.13,750.78
572,2023-06-02,105,T-shirt,18,107.85,1941.3
573,2023-06-05,104,Dress,19,46.6,885.4
574,2023-09-06,103,Jeans,12,137.23,1646.7599999999998
575,2023-11-13,101,Dress,16,106.55,1704.8
576,2023-10-01,105,Sneakers,16,40.77,652.32
577,2023-10-13,104,Jacket,16,27.2,435.2
578,2023-05-27,102,Dress,15,149.19,2237.85
579,2023-05-06,103,T-shirt,17,25.79,438.43
580,2023-10-23,102,T-shirt,12,79.75,957.0
581,2023-07-29,101,T-shirt,20,45.8,916.0
582,2023-02-15,103,Sneakers,17,92.29,1568.93
583,2023-05-26,102,Dress,15,89.91,1348.6499999999999
584,2023-05-21,101,Jacket,14,64.45,902.3000000000001
585,2023-10-23,103,Jeans,14,18.08,253.11999999999998
586,2023-11-15,104,Sneakers,17,114.28,1942.76
587,2023-04-06,102,Jeans,20,128.36,2567.2000000000003
588,2023-10-14,102,Jacket,17,57.18,972.06
589,2023-08-25,104,Dress,5,131.52,657.6
590,2023-08-30,101,Dress,15,109.23,1638.45
591,2023-09-10,105,Jacket,12,40.85,490.20000000000005
592,2023-06-01,102,Jeans,5,121.02,605.1
593,2023-12-31,101,Dress,5,57.75,288.75
594,2023-12-26,103,Jacket,9,140.47,1264.23
595,2023-02-08,101,T-shirt,9,88.99,800.91
596,2023-09-02,104,Jacket,18,48.35,870.3000000000001
597,2023-11-22,105,Dress,3,143.43,430.29
598,2023-01-31,105,Jeans,3,37.51,112.53
599,2023-11-18,101,Sneakers,11,22.26,244.86
600,2023-06-05,104,Sneakers,3,70.58,211.74
601,2023-09-09,105,Jacket,2,127.23,254.46
602,2023-11-27,103,T-shirt,10,64.22,642.2
603,2023-11-05,101,Jeans,1,98.45,98.45
604,2023-11-01,105,Dress,14,57.54,805.56
605,2023-11-28,104,T-shirt,20,106.86,2137.2
606,2023-06-10,103,Jacket,11,101.46,1116.06
607,2023-12-07,101,Sneakers,5,35.08,175.39999999999998
608,2023-07-21,103,T-shirt,10,127.64,1276.4
609,2023-01-06,102,Jacket,13,112.55,1463.1499999999999
610,2023-08-10,103,T-shirt,8,132.95,1063.6
611,2023-02-10,103,Jeans,5,89.47,447.35
612,2023-09-17,102,Sneakers,18,94.96,1709.28
613,2023-07-30,105,T-shirt,4,119.0,476.0
614,2023-07-28,101,Dress,5,78.11,390.55
615,2023-03-24,103,Dress,4,86.85,347.4
616,2023-10-22,105,Jeans,8,108.47,867.76
617,2023-04-10,105,Dress,20,29.38,587.6
618,2023-03-26,104,Dress,4,80.08,320.32
619,2023-08-18,104,T-shirt,4,72.14,288.56
620,2023-05-09,104,Sneakers,15,51.01,765.15
621,2023-02-03,101,Sneakers,7,18.0,126.0
622,2023-07-28,102,Dress,19,93.75,1781.25
623,2023-06-06,102,Jeans,9,121.59,1094.31
624,2023-04-20,104,Sneakers,3,120.03,360.09000000000003
625,2023-05-17,103,Sneakers,14,81.65,1143.1000000000001
626,2023-09-04,103,Jeans,17,73.51,1249.67
627,2023-07-29,105,Dress,10,31.35,313.5
628,2023-08-30,101,Sneakers,13,90.29,1173.77
629,2023-10-01,102,Dress,1,134.99,134.99
630,2023-01-26,101,Sneakers,1,111.44,111.44
631,2023-08-14,103,Jeans,16,128.6,2057.6
632,2023-03-05,101,Jeans,2,81.79,163.58
633,2023-03-01,102,Dress,12,60.91,730.92
634,2023-06-20,104,Jeans,1,44.81,44.81
635,2023-02-11,103,T-shirt,4,56.35,225.4
636,2023-02-16,101,Sneakers,3,107.86,323.58
637,2023-06-20,103,Sneakers,14,46.39,649.46
638,2023-04-25,105,Jacket,5,130.93,654.6500000000001
639,2023-12-15,103,Jeans,7,138.77,971.3900000000001
640,2023-01-24,104,Jacket,1,47.09,47.09
641,2023-11-09,104,Jeans,20,146.13,2922.6
642,2023-01-26,103,T-shirt,19,26.22,498.17999999999995
643,2023-04-11,105,Dress,19,72.71,1381.4899999999998
644,2023-09-16,101,Dress,10,144.31,1443.1
645,2023-12-07,102,Sneakers,12,30.64,367.68
646,2023-03-11,105,Jeans,18,71.96,1295.28
647,2023-07-09,103,Jacket,20,96.24,1924.8
648,2023-07-02,104,Dress,4,19.41,77.64
649,2023-04-30,105,Jeans,10,113.13,1131.3
650,2023-05-19,101,T-shirt,15,90.7,1360.5
651,2023-04-12,105,Jacket,6,46.06,276.36
652,2023-08-18,104,Jacket,16,61.4,982.4
653,2023-05-15,103,T-shirt,7,47.18,330.26
654,2023-03-21,102,Dress,7,107.31,751.1700000000001
655,2023-05-22,103,Sneakers,11,136.95,1506.4499999999998
656,2023-07-07,103,Jeans,4,108.51,434.04
657,2023-09-10,105,Jacket,4,30.61,122.44
658,2023-09-01,104,T-shirt,4,82.99,331.96
659,2023-09-06,105,Jeans,11,88.72,975.92
660,2023-05-21,102,Jeans,17,77.51,1317.67
661,2023-12-19,103,Dress,1,99.37,99.37
662,2023-10-28,105,T-shirt,10,117.63,1176.3
663,2023-05-11,104,Dress,14,76.0,1064.0
664,2023-08-23,103,Sneakers,10,120.88,1208.8
665,2023-07-23,103,Sneakers,9,42.64,383.76
666,2023-08-13,102,Jacket,7,56.18,393.26
667,2023-10-05,104,Sneakers,6,88.0,528.0
668,2023-11-22,102,T-shirt,6,145.31,871.86
669,2023-01-09,105,Jacket,16,140.48,2247.68
670,2023-10-22,101,Dress,14,72.03,1008.4200000000001
671,2023-05-13,105,Sneakers,1,126.4,126.4
672,2023-05-27,104,Dress,20,55.14,1102.8
673,2023-04-15,102,T-shirt,1,88.71,88.71
674,2023-05-16,103,Dress,14,105.66,1479.24
675,2023-07-28,102,Jacket,19,72.93,1385.67
676,2023-04-24,101,T-shirt,9,131.21,1180.89
677,2023-01-19,101,Sneakers,3,116.06,348.18
678,2023-08-14,103,Jeans,15,57.8,867.0
679,2023-02-10,101,Jeans,11,138.95,1528.4499999999998
680,2023-02-20,105,T-shirt,20,128.03,2560.6
681,2023-11-07,101,Jeans,5,87.33,436.65
682,2023-12-11,103,T-shirt,9,136.34,1227.06
683,2023-05-10,101,Sneakers,1,125.36,125.36
684,2023-04-10,101,Jacket,5,106.38,531.9
685,2023-10-19,105,Sneakers,10,46.72,467.2
686,2023-10-07,102,Sneakers,11,54.05,594.55
687,2023-04-06,105,Dress,20,124.23,2484.6
688,2023-05-19,102,T-shirt,9,115.85,1042.6499999999999
689,2023-11-18,105,T-shirt,8,29.65,237.2
690,2023-09-22,101,T-shirt,3,135.75,407.25
691,2023-12-11,103,Jeans,13,61.77,803.01
692,2023-09-14,102,Sneakers,10,111.24,1112.3999999999999
693,2023-10-14,101,Sneakers,10,98.05,980.5
694,2023-07-24,103,Jacket,3,23.0,69.0
695,2023-07-10,101,T-shirt,4,140.28,561.12
696,2023-05-04,102,Dress,4,84.89,339.56
697,2023-08-22,103,Jacket,7,145.79,1020.53
698,2023-11-08,105,Dress,12,15.12,181.44
699,2023-11-11,105,T-shirt,2,59.38,118.76
700,2023-10-04,105,Jeans,7,48.23,337.60999999999996
701,2023-04-29,101,Jeans,4,148.12,592.48
702,2023-02-23,104,Jeans,6,64.15,384.90000000000003
703,2023-03-05,105,Sneakers,4,49.18,196.72
704,2023-09-10,104,Jeans,13,78.63,1022.1899999999999
705,2023-04-05,104,Jeans,9,101.3,911.6999999999999
706,2023-07-21,103,T-shirt,11,108.48,1193.28
707,2023-03-07,104,Sneakers,8,55.42,443.36
708,2023-08-10,103,T-shirt,1,77.76,77.76
709,2023-10-17,105,Jacket,4,130.16,520.64
710,2023-02-23,103,Dress,10,94.57,945.6999999999999
711,2023-10-27,102,Jeans,4,91.94,367.76
712,2023-08-08,103,Sneakers,5,127.48,637.4
713,2023-02-28,104,Jeans,10,19.89,198.9
714,2023-08-08,104,Dress,20,137.79,2755.7999999999997
715,2023-06-01,101,Sneakers,19,26.31,499.89
716,2023-10-15,104,Jeans,16,132.52,2120.32
717,2023-08-30,104,Sneakers,19,47.87,909.53
718,2023-06-22,105,Jacket,1,50.29,50.29
719,2023-06-20,101,Jeans,20,52.86,1057.2
720,2023-10-18,104,T-shirt,4,118.01,472.04
721,2023-05-30,102,Dress,4,132.91,531.64
722,2023-03-06,103,Sneakers,14,90.74,1270.36
723,2023-01-30,103,Dress,1,124.09,124.09
724,2023-01-14,103,Jacket,7,116.89,818.23
725,2023-12-01,101,Jeans,14,106.25,1487.5
726,2023-01-07,101,T-shirt,12,80.45,965.4000000000001
727,2023-09-25,105,Jacket,19,25.6,486.40000000000003
728,2023-07-04,102,Sneakers,9,62.96,566.64
729,2023-11-03,102,T-shirt,7,77.62,543.34
730,2023-07-17,105,Dress,16,131.55,2104.8
731,2023-12-09,103,Sneakers,8,37.17,297.36
732,2023-09-25,103,Jeans,7,64.47,451.28999999999996
733,2023-11-30,102,Jacket,11,33.53,368.83000000000004
734,2023-09-04,101,T-shirt,2,52.18,104.36
735,2023-05-31,102,Dress,18,144.34,2598.12
736,2023-11-18,104,Dress,2,75.76,151.52
737,2023-11-06,102,Jeans,7,88.7,620.9
738,2023-04-12,101,Sneakers,14,137.91,1930.74
739,2023-03-27,104,Dress,5,64.9,324.5
740,2023-06-18,101,T-shirt,3,107.8,323.4
741,2023-10-19,101,Jeans,14,63.12,883.68
742,2023-08-03,101,Sneakers,13,137.57,1788.4099999999999
743,2023-01-03,103,T-shirt,6,149.86,899.1600000000001
744,2023-10-15,101,T-shirt,15,75.25,1128.75
745,2023-09-14,103,Sneakers,10,103.74,1037.3999999999999
746,2023-04-30,104,Jeans,19,71.15,1351.8500000000001
747,2023-03-08,105,Jacket,3,15.11,45.33
748,2023-02-24,101,T-shirt,8,26.22,209.76
749,2023-07-27,105,T-shirt,10,48.87,488.7
750,2023-06-12,103,Dress,3,111.45,334.35
751,2023-04-05,104,Jacket,19,89.53,1701.07
752,2023-04-07,101,Dress,19,137.75,2617.25
753,2023-03-01,102,Dress,9,101.29,911.61
754,2023-01-06,102,Jeans,3,128.96,386.88
755,2023-04-25,105,Sneakers,13,120.23,1562.99
756,2023-08-31,103,Dress,17,44.81,761.77
757,2023-10-09,102,Dress,10,97.86,978.6
758,2023-05-19,104,Jeans,20,55.4,1108.0
759,2023-06-29,104,Sneakers,19,133.84,2542.96
760,2023-07-27,101,Sneakers,20,93.96,1879.1999999999998
761,2023-02-08,101,T-shirt,5,36.69,183.45
762,2023-07-08,102,Dress,13,34.84,452.9200000000001
763,2023-05-29,105,Dress,10,132.72,1327.2
764,2023-06-13,102,Jeans,4,109.43,437.72
765,2023-11-12,105,Sneakers,11,74.87,823.57
766,2023-01-15,101,Jacket,16,149.46,2391.36
767,2023-11-27,101,Jeans,4,128.8,515.2
768,2023-05-13,102,T-shirt,15,77.08,1156.2
769,2023-09-30,104,T-shirt,5,37.16,185.79999999999998
770,2023-09-24,101,Dress,7,32.78,229.46
771,2023-09-23,103,T-shirt,18,119.65,2153.7000000000003
772,2023-06-07,105,Jeans,8,39.75,318.0
773,2023-05-18,102,Sneakers,3,85.12,255.36
774,2023-10-11,105,T-shirt,10,16.81,168.1
775,2023-08-15,104,Jacket,4,33.62,134.48
776,2023-06-21,104,Jacket,6,83.44,500.64
777,2023-03-24,101,Sneakers,7,74.98,524.86
778,2023-10-03,104,Sneakers,4,16.2,64.8
779,2023-03-25,103,Jacket,20,20.94,418.8
780,2023-04-23,102,Sneakers,1,133.75,133.75
781,2023-11-09,105,Jacket,20,21.66,433.2
782,2023-05-10,104,T-shirt,17,119.84,2037.28
783,2023-10-01,101,Jeans,11,19.46,214.06
784,2023-06-28,103,Jacket,14,54.85,767.9
785,2023-04-26,102,Jacket,12,18.14,217.68
786,2023-06-06,103,Sneakers,6,113.7,682.2
787,2023-07-23,101,Jeans,16,87.55,1400.8
788,2023-10-20,101,Sneakers,1,126.92,126.92
789,2023-06-12,102,T-shirt,17,129.87,2207.79
790,2023-06-20,101,Sneakers,18,108.3,1949.3999999999999
791,2023-11-10,101,Sneakers,4,55.56,222.24
792,2023-05-30,105,T-shirt,16,38.0,608.0
793,2023-02-03,101,T-shirt,16,122.86,1965.76
794,2023-03-02,105,Jacket,3,122.59,367.77
795,2023-12-01,103,T-shirt,1,71.32,71.32
796,2023-08-13,105,T-shirt,1,38.3,38.3
797,2023-05-08,104,Dress,2,63.04,126.08
798,2023-09-16,102,T-shirt,6,40.49,242.94
799,2023-04-03,105,Dress,20,68.89,1377.8
800,2023-05-31,101,Jeans,6,65.02,390.12
801,2023-02-06,102,Jeans,17,80.63,1370.71
802,2023-12-28,102,Jeans,2,61.99,123.98
803,2023-07-17,101,Jacket,6,65.27,391.62
804,2023-03-02,104,Sneakers,12,56.66,679.92
805,2023-10-13,104,T-shirt,5,110.05,550.25
806,2023-08-17,105,T-shirt,15,33.17,497.55
807,2023-03-03,102,Sneakers,10,43.01,430.09999999999997
808,2023-08-25,103,T-shirt,10,27.71,277.1
809,2023-07-03,102,Jacket,20,57.03,1140.6
810,2023-05-31,102,Sneakers,13,116.72,1517.36
811,2023-10-17,102,T-shirt,1,39.33,39.33
812,2023-05-18,105,Jacket,8,89.37,714.96
813,2023-02-27,103,Jacket,6,54.19,325.14
814,2023-09-22,103,Dress,6,147.53,885.1800000000001
815,2023-03-04,102,T-shirt,9,146.98,1322.82
816,2023-11-12,104,T-shirt,9,84.59,761.3100000000001
817,2023-06-22,104,Sneakers,2,144.76,289.52
818,2023-10-26,103,T-shirt,20,61.21,1224.2
819,2023-01-19,101,T-shirt,8,116.96,935.68
820,2023-02-05,101,Sneakers,8,20.85,166.8
821,2023-04-06,103,Jacket,14,96.23,1347.22
822,2023-07-04,103,Sneakers,19,94.91,1803.29
823,2023-08-05,102,Jeans,6,69.65,417.90000000000003
824,2023-09-02,104,Sneakers,3,123.08,369.24
825,2023-02-14,105,Dress,19,72.22,1372.18
826,2023-10-22,103,Dress,6,19.56,117.35999999999999
827,2023-06-06,103,Jeans,1,106.25,106.25
828,2023-03-04,104,Sneakers,6,50.98,305.88
829,2023-03-31,105,Jeans,13,46.71,607.23
830,2023-12-17,103,T-shirt,14,16.91,236.74
831,2023-02-18,103,Dress,8,54.76,438.08
832,2023-12-20,104,Dress,6,65.29,391.74
833,2023-01-04,103,Sneakers,19,90.5,1719.5
834,2023-06-26,104,Jeans,18,45.19,813.42
835,2023-11-12,102,T-shirt,14,75.99,1063.86
836,2023-11-27,102,T-shirt,9,89.99,809.91
837,2023-03-28,105,Jeans,17,18.85,320.45000000000005
838,2023-10-06,103,Dress,7,110.81,775.6700000000001
839,2023-01-22,102,T-shirt,20,147.3,2946.0
840,2023-01-24,101,Jeans,13,136.17,1770.2099999999998
841,2023-01-27,104,T-shirt,5,48.87,244.35
842,2023-04-08,101,Jacket,17,70.05,1190.85
843,2023-11-13,102,T-shirt,10,120.21,1202.1
844,2023-04-11,101,Dress,3,61.89,185.67000000000002
845,2023-05-19,105,Jacket,10,56.31,563.1
846,2023-02-24,105,Jacket,17,130.74,2222.58
847,2023-06-16,105,Jeans,5,41.92,209.60000000000002
848,2023-11-03,105,T-shirt,8,103.83,830.64
849,2023-08-10,101,Sneakers,17,39.23,666.91
850,2023-07-24,105,Jacket,14,133.65,1871.1000000000001
851,2023-12-23,101,Jacket,19,85.05,1615.95
852,2023-04-06,105,Sneakers,16,133.44,2135.04
853,2023-04-16,101,Dress,14,102.2,1430.8
854,2023-10-31,104,Jacket,1,64.36,64.36
855,2023-06-21,101,T-shirt,4,66.95,267.8
856,2023-03-24,102,Sneakers,19,118.34,2248.46
857,2023-05-23,101,Sneakers,17,23.28,395.76
858,2023-11-25,101,T-shirt,8,94.37,754.96
859,2023-02-01,102,T-shirt,12,109.03,1308.3600000000001
860,2023-01-19,103,Sneakers,3,59.55,178.64999999999998
861,2023-04-26,104,Sneakers,4,104.4,417.6
862,2023-10-08,103,Dress,1,89.08,89.08
863,2023-12-27,101,Jeans,15,80.33,1204.95
864,2023-10-17,104,Dress,3,118.65,355.95000000000005
865,2023-01-30,102,Jeans,15,121.11,1816.65
866,2023-07-29,102,Jacket,8,17.78,142.24
867,2023-04-12,101,Jacket,6,112.36,674.16
868,2023-08-11,103,Jeans,20,31.56,631.1999999999999
869,2023-06-05,102,Jeans,18,15.98,287.64
870,2023-11-01,103,Dress,4,115.65,462.6
871,2023-07-14,103,Jeans,7,106.65,746.5500000000001
872,2023-08-01,103,Jacket,9,68.62,617.58
873,2023-03-16,104,Jacket,10,85.2,852.0
874,2023-02-27,102,Sneakers,12,89.28,1071.3600000000001
875,2023-10-12,101,T-shirt,4,68.29,273.16
876,2023-02-25,104,T-shirt,3,29.01,87.03
877,2023-03-17,105,Jacket,17,79.94,1358.98
878,2023-01-16,102,Sneakers,17,17.8,302.6
879,2023-01-27,105,T-shirt,15,145.78,2186.7
880,2023-09-25,101,Jacket,10,63.25,632.5
881,2023-02-08,103,Jacket,4,62.69,250.76
882,2023-06-20,101,Jacket,4,131.22,524.88
883,2023-09-27,102,T-shirt,12,59.89,718.6800000000001
884,2023-07-17,102,Sneakers,13,120.81,1570.53
885,2023-08-05,105,Jacket,6,30.15,180.89999999999998
886,2023-03-10,101,Dress,6,81.62,489.72
887,2023-12-10,105,T-shirt,11,53.64,590.04
888,2023-07-10,103,Jacket,5,125.75,628.75
889,2023-08-20,103,Jeans,15,89.57,1343.55
890,2023-10-26,101,Jeans,3,87.48,262.44
891,2023-03-13,105,Jacket,7,91.2,638.4
892,2023-07-11,102,T-shirt,1,136.48,136.48
893,2023-03-27,105,Sneakers,11,16.14,177.54000000000002
894,2023-10-19,103,Dress,6,98.35,590.0999999999999
895,2023-07-22,101,Jeans,16,144.27,2308.32
896,2023-02-06,103,Dress,11,90.85,999.3499999999999
897,2023-09-10,102,Dress,19,44.38,843.22
898,2023-08-01,103,Jeans,8,41.33,330.64
899,2023-12-03,102,Dress,20,114.18,2283.6000000000004
900,2023-06-04,104,Dress,5,60.22,301.1
901,2023-10-11,101,Jeans,1,30.95,30.95
902,2023-04-10,103,Sneakers,6,44.35,266.1
903,2023-09-09,104,Dress,13,115.07,1495.9099999999999
904,2023-12-15,102,Sneakers,3,105.16,315.48
905,2023-01-24,103,T-shirt,1,106.5,106.5
906,2023-11-22,102,Jeans,17,79.54,1352.18
907,2023-08-09,104,Jeans,16,67.08,1073.28
908,2023-10-20,102,Dress,16,118.28,1892.48
909,2023-02-21,104,T-shirt,7,144.35,1010.4499999999999
910,2023-11-21,103,Dress,19,54.78,1040.82
911,2023-11-14,104,Jacket,12,18.44,221.28000000000003
912,2023-04-27,104,Sneakers,11,137.69,1514.59
913,2023-07-03,103,Dress,5,63.48,317.4
914,2023-12-03,102,Sneakers,13,51.93,675.09
915,2023-04-03,101,Jacket,1,52.47,52.47
916,2023-08-18,101,Jeans,19,126.25,2398.75
917,2023-05-24,101,Sneakers,17,101.44,1724.48
918,2023-12-26,104,Jeans,2,74.74,149.48
919,2023-11-04,105,Dress,8,42.03,336.24
920,2023-04-10,102,Jeans,19,65.39,1242.41
921,2023-09-11,101,Dress,3,148.54,445.62
922,2023-01-20,101,Jeans,19,81.71,1552.4899999999998
923,2023-10-04,101,T-shirt,18,46.31,833.58
924,2023-03-07,105,T-shirt,8,79.67,637.36
925,2023-11-06,103,Jeans,12,32.01,384.12
926,2023-05-22,103,Sneakers,9,101.63,914.67
927,2023-07-17,102,T-shirt,3,142.89,428.66999999999996
928,2023-06-30,104,Jacket,17,136.87,2326.79
929,2023-01-25,104,Jeans,5,43.82,219.1
930,2023-11-08,104,Sneakers,19,77.31,1468.89
931,2023-06-05,101,Jacket,14,106.28,1487.92
932,2023-05-04,101,Jacket,2,122.29,244.58
933,2023-06-25,101,T-shirt,20,26.48,529.6
934,2023-08-27,102,Jeans,2,26.3,52.6
935,2023-12-16,104,Dress,7,44.37,310.59
936,2023-09-07,102,Jeans,16,56.81,908.96
937,2023-01-04,104,Jacket,1,84.01,84.01
938,2023-01-29,102,Jeans,19,131.9,2506.1
939,2023-09-10,103,Jacket,15,95.7,1435.5
940,2023-07-08,105,Sneakers,9,74.03,666.27
941,2023-06-10,104,Jacket,13,63.31,823.03
942,2023-10-12,103,T-shirt,4,41.68,166.72
943,2023-09-06,105,Jacket,14,96.17,1346.38
944,2023-02-11,103,Sneakers,19,145.48,2764.12
945,2023-04-10,102,Sneakers,5,82.16,410.79999999999995
946,2023-06-12,102,T-shirt,12,49.34,592.08
947,2023-08-05,103,Sneakers,16,114.87,1837.92
948,2023-08-11,105,Sneakers,1,68.82,68.82
949,2023-03-31,105,T-shirt,18,28.14,506.52
950,2023-11-30,105,T-shirt,20,76.31,1526.2
951,2023-05-22,105,T-shirt,10,113.2,1132.0
952,2023-01-19,103,Jacket,2,37.92,75.84
953,2023-09-10,103,Dress,7,60.85,425.95
954,2023-03-16,105,Jeans,17,83.39,1417.63
955,2023-09-22,105,Jeans,15,75.04,1125.6000000000001
956,2023-08-06,104,Jeans,11,79.23,871.5300000000001
957,2023-05-10,105,Jeans,15,29.92,448.8
958,2023-05-19,105,Jeans,20,16.62,332.40000000000003
959,2023-05-20,102,Jeans,16,71.36,1141.76
960,2023-11-28,103,Sneakers,4,118.02,472.08
961,2023-06-03,104,Sneakers,12,90.89,1090.68
962,2023-09-07,101,Jacket,13,146.72,1907.36
963,2023-07-05,102,Jeans,16,78.09,1249.44
964,2023-05-15,104,Jacket,17,125.27,2129.59
965,2023-11-03,105,Jacket,19,42.67,810.73
966,2023-12-06,104,Jacket,8,31.16,249.28
967,2023-04-14,105,Jeans,6,47.97,287.82
968,2023-12-31,101,Sneakers,14,125.0,1750.0
969,2023-04-12,101,T-shirt,10,63.03,630.3
970,2023-04-28,102,Sneakers,16,114.68,1834.88
971,2023-01-28,105,Dress,3,149.05,447.15000000000003
972,2023-04-05,102,T-shirt,11,16.27,178.97
973,2023-07-30,101,Dress,10,142.8,1428.0
974,2023-04-22,103,Dress,7,65.96,461.71999999999997
975,2023-10-12,104,T-shirt,14,21.19,296.66
976,2023-02-15,104,Jacket,6,31.17,187.02
977,2023-03-01,103,Dress,14,95.27,1333.78
978,2023-09-26,101,Sneakers,3,60.6,181.8
979,2023-11-29,103,Dress,4,98.28,393.12
980,2023-12-15,103,Jacket,15,146.02,2190.3
981,2023-04-20,105,Jeans,20,99.28,1985.6
982,2023-09-24,102,Jacket,9,29.63,266.67
983,2023-01-21,104,Sneakers,13,129.19,1679.47
984,2023-09-17,101,Jeans,2,22.45,44.9
985,2023-12-26,105,Jacket,3,144.58,433.74
986,2023-01-02,105,Dress,8,30.5,244.0
987,2023-07-20,101,Sneakers,4,82.89,331.56
988,2023-06-04,103,T-shirt,7,109.71,767.9699999999999
989,2023-04-01,102,Jacket,8,138.02,1104.16
990,2023-11-30,103,Sneakers,16,143.17,2290.72
991,2023-08-19,104,Jeans,11,94.75,1042.25
992,2023-07-03,101,Jeans,5,22.04,110.19999999999999
993,2023-11-17,102,T-shirt,10,69.2,692.0
994,2023-10-02,104,Jacket,4,77.38,309.52
995,2023-11-10,102,T-shirt,9,106.9,962.1
996,2023-08-02,105,Jacket,7,142.13,994.91
997,2023-12-08,104,Jeans,11,111.23,1223.53
998,2023-09-14,101,Jacket,10,83.79,837.9000000000001
999,2023-01-12,105,T-shirt,6,102.36,614.16
1000,2023-01-31,103,Jeans,9,68.31,614.79
